t,cpu_avg_pct,gpu_pct,ram_used_mb,vdd_in_mw,vdd_cpu_mw,vdd_gpu_mw,vdd_soc_mw,gpu_temp_c,cpu_temp_c
06-16-2026 00:08:11,8.17,12,3171,6008,1602,0,1561,51.843,49.25
06-16-2026 00:08:12,7.17,64,3172,6008,1602,0,1561,51.968,49.093
06-16-2026 00:08:13,7.33,0,3172,5843,1479,0,1520,51.75,49.281
06-16-2026 00:08:14,7.33,22,3172,6008,1602,0,1561,51.718,49.156
06-16-2026 00:08:15,7.17,0,3172,5925,1561,0,1520,51.906,49.312
06-16-2026 00:08:16,8.5,0,3170,5843,1479,0,1520,51.781,49.218
06-16-2026 00:08:17,8.0,0,3170,5967,1561,0,1520,51.718,49.312
06-16-2026 00:08:18,7.0,0,3170,5884,1520,0,1520,52.093,49.218
06-16-2026 00:08:19,9.5,6,3170,5925,1561,0,1520,51.937,49.5
06-16-2026 00:08:20,7.17,6,3170,5967,1561,0,1561,52.062,49.25
06-16-2026 00:08:21,7.67,0,3170,5884,1520,0,1520,52.156,49.156
06-16-2026 00:08:22,8.0,63,3170,6008,1599,0,1561,52.062,49.375
06-16-2026 00:08:23,7.0,4,3170,5967,1561,0,1561,51.937,49.156
06-16-2026 00:08:24,8.0,0,3171,5843,1520,0,1520,52.125,49.562
06-16-2026 00:08:25,9.33,0,3171,5967,1561,0,1561,52.156,49.187
06-16-2026 00:08:26,8.83,0,3171,5884,1520,0,1520,51.968,49.5
06-16-2026 00:08:27,8.17,29,3172,5967,1561,0,1520,52.312,49.375
06-16-2026 00:08:28,6.5,0,3172,5925,1520,0,1520,52.125,49.531
06-16-2026 00:08:29,7.0,0,3172,5843,1520,0,1520,51.937,49.375
06-16-2026 00:08:30,7.83,11,3172,6090,1640,0,1561,52.093,49.593
06-16-2026 00:08:31,7.0,64,3172,6008,1602,0,1561,52.25,49.5
06-16-2026 00:08:32,6.83,0,3172,5843,1479,0,1520,52.031,49.281
06-16-2026 00:08:33,6.83,23,3172,5967,1602,0,1561,52.062,49.531
06-16-2026 00:08:34,7.17,0,3171,5925,1520,0,1520,52.187,49.25
06-16-2026 00:08:35,8.0,0,3171,5843,1520,0,1520,51.937,49.625
06-16-2026 00:08:36,7.0,0,3171,5967,1561,0,1520,52.0,49.375
06-16-2026 00:08:37,6.17,0,3170,5884,1479,0,1520,52.125,49.5
06-16-2026 00:08:38,7.67,64,3170,5967,1561,0,1561,52.125,49.437
06-16-2026 00:08:39,6.17,6,3169,5925,1561,0,1561,52.156,49.656
06-16-2026 00:08:40,7.17,0,3169,5843,1520,0,1520,52.187,49.406
06-16-2026 00:08:41,7.5,53,3169,6049,1640,0,1561,52.187,49.437
06-16-2026 00:08:42,6.5,28,3169,5967,1561,0,1561,52.093,49.406
06-16-2026 00:08:43,6.83,0,3168,5843,1479,0,1520,52.187,49.5
06-16-2026 00:08:44,7.0,0,3169,5967,1561,0,1561,52.218,49.5
06-16-2026 00:08:45,6.17,0,3173,5925,1520,0,1520,52.093,49.437
06-16-2026 00:08:46,7.83,9,3173,5925,1561,0,1520,52.375,49.562
06-16-2026 00:08:47,6.17,0,3173,5884,1520,0,1520,52.25,49.531
06-16-2026 00:08:48,6.83,0,3173,5884,1520,0,1520,52.062,49.5
06-16-2026 00:08:49,8.0,40,3173,6008,1602,0,1561,52.281,49.781
06-16-2026 00:08:50,6.0,53,3173,6008,1602,0,1561,52.375,49.625
06-16-2026 00:08:51,6.83,0,3172,5843,1479,0,1520,52.062,49.625
06-16-2026 00:08:52,7.5,41,3172,6008,1602,0,1561,52.187,49.656
06-16-2026 00:08:53,6.67,0,3173,5967,1561,0,1561,52.187,49.531
06-16-2026 00:08:54,7.17,0,3173,5843,1479,0,1520,52.187,49.75
06-16-2026 00:08:55,7.0,0,3173,5967,1561,0,1520,52.093,49.5
06-16-2026 00:08:57,6.67,0,3173,5884,1520,0,1520,52.25,49.687
06-16-2026 00:08:58,8.67,51,3173,5967,1561,0,1561,52.406,49.687
06-16-2026 00:08:59,6.5,0,3173,5925,1561,0,1561,52.187,49.781
06-16-2026 00:09:00,7.17,0,3173,5843,1520,0,1520,52.156,49.718
06-16-2026 00:09:01,7.67,34,3173,6049,1599,0,1561,52.406,49.75
06-16-2026 00:09:02,7.17,41,3173,5967,1561,0,1561,52.281,49.593
06-16-2026 00:09:03,7.67,0,3173,5843,1520,0,1520,52.156,49.906
06-16-2026 00:09:04,7.83,0,3173,6008,1602,0,1561,52.375,49.687
06-16-2026 00:09:05,6.83,0,3173,5925,1520,0,1520,52.187,49.718
06-16-2026 00:09:06,7.5,0,3173,5843,1479,0,1520,52.093,49.781
06-16-2026 00:09:07,7.17,0,3173,5925,1520,0,1520,52.343,49.5
06-16-2026 00:09:08,7.0,0,3173,5884,1479,0,1520,52.343,49.781
06-16-2026 00:09:09,8.5,42,3173,6049,1643,0,1561,52.437,49.968
06-16-2026 00:09:10,7.83,32,3173,6049,1602,0,1561,52.468,49.968
06-16-2026 00:09:11,7.17,0,3173,5843,1479,0,1520,52.406,50.0
06-16-2026 00:09:12,7.67,0,3173,6008,1602,0,1561,52.687,49.781
06-16-2026 00:09:13,7.33,0,3174,5967,1561,0,1561,52.656,49.687
06-16-2026 00:09:14,7.67,0,3174,5843,1479,0,1520,52.312,50.062
06-16-2026 00:09:15,7.17,0,3173,5925,1520,0,1520,52.375,49.75
06-16-2026 00:09:16,7.5,0,3174,5884,1520,0,1520,52.593,49.656
06-16-2026 00:09:17,8.33,0,3174,5925,1561,0,1520,52.468,49.968
06-16-2026 00:09:18,6.83,0,3174,5925,1561,0,1561,52.437,49.718
06-16-2026 00:09:19,6.67,0,3169,5843,1479,0,1520,52.562,49.937
06-16-2026 00:09:20,7.67,44,3170,6008,1599,0,1561,52.593,49.812
06-16-2026 00:09:21,6.83,59,3171,6008,1561,0,1561,52.468,50.031
06-16-2026 00:09:22,7.67,0,3171,5843,1520,0,1520,52.562,49.875
06-16-2026 00:09:23,6.83,0,3168,5967,1561,0,1561,52.687,50.0
06-16-2026 00:09:24,6.83,0,3170,5925,1520,0,1520,52.375,49.75
06-16-2026 00:09:25,8.17,0,3171,5884,1520,0,1520,52.687,49.906
06-16-2026 00:09:26,7.0,0,3168,5884,1520,0,1520,52.593,49.75
06-16-2026 00:09:27,7.17,0,3168,5884,1520,0,1520,52.468,49.843
06-16-2026 00:09:28,8.0,29,3169,6049,1640,0,1561,52.687,50.0
06-16-2026 00:09:29,6.5,20,3169,6008,1602,0,1561,52.718,49.812
06-16-2026 00:09:30,7.33,0,3169,5843,1479,0,1520,52.343,49.906
06-16-2026 00:09:31,7.17,0,3169,6008,1602,0,1561,52.531,49.843
06-16-2026 00:09:32,6.83,0,3169,5925,1520,0,1520,52.625,49.906
06-16-2026 00:09:33,7.83,0,3154,5843,1520,0,1520,52.593,49.968
06-16-2026 00:09:34,7.17,0,3167,5967,1561,0,1520,52.406,49.968
06-16-2026 00:09:35,6.83,0,3168,5884,1520,0,1520,52.531,49.843
06-16-2026 00:09:36,8.17,41,3169,5967,1561,0,1520,52.687,50.0
06-16-2026 00:09:37,6.17,0,3169,6008,1602,0,1561,52.656,49.968
06-16-2026 00:09:38,6.33,0,3169,5843,1479,0,1520,52.468,50.125
06-16-2026 00:09:39,7.5,54,3169,6090,1643,0,1561,52.781,49.968
06-16-2026 00:09:40,6.17,0,3169,5967,1561,0,1561,52.5,50.031
06-16-2026 00:09:41,7.17,0,3169,5843,1479,0,1520,52.5,50.031
06-16-2026 00:09:42,7.17,0,3169,6008,1602,0,1561,52.687,50.093
06-16-2026 00:09:43,6.83,0,3169,5925,1520,0,1561,52.562,49.968
06-16-2026 00:09:44,7.83,30,3169,6008,1561,0,1561,52.593,50.25
06-16-2026 00:09:45,6.83,0,3168,5925,1520,0,1520,52.593,50.062
06-16-2026 00:09:46,7.17,0,3168,5884,1520,0,1520,52.593,50.0
06-16-2026 00:09:47,7.5,29,3168,6090,1640,0,1561,52.687,50.125
06-16-2026 00:09:48,7.0,52,3167,6049,1602,0,1561,52.781,49.968
06-16-2026 00:09:49,7.17,0,3167,5843,1479,0,1520,52.687,50.25
06-16-2026 00:09:50,7.33,1,3167,6008,1602,0,1561,52.593,49.968
06-16-2026 00:09:51,6.83,0,3167,5925,1561,0,1520,52.531,50.156
06-16-2026 00:09:52,7.5,0,3166,5843,1479,0,1520,52.656,50.187
06-16-2026 00:09:53,7.5,0,3167,5967,1561,0,1561,52.875,50.187
06-16-2026 00:09:54,7.33,0,3166,5843,1479,0,1520,52.562,50.031
06-16-2026 00:09:55,7.83,41,3167,6049,1602,0,1561,52.656,50.187
06-16-2026 00:09:56,7.17,43,3167,5967,1561,0,1561,52.812,50.031
06-16-2026 00:09:57,8.0,0,3166,5843,1479,0,1520,52.718,50.406
06-16-2026 00:09:58,8.17,0,3167,5967,1561,0,1561,52.625,50.031
06-16-2026 00:09:59,7.17,0,3167,5925,1520,0,1561,52.593,50.062
06-16-2026 00:10:00,9.0,0,3167,6008,1561,0,1561,52.937,50.156
06-16-2026 00:10:01,7.33,0,3168,5884,1520,0,1520,52.625,49.875
06-16-2026 00:10:02,7.33,0,3168,5843,1479,0,1520,52.562,50.125
06-16-2026 00:10:03,8.17,38,3168,6090,1643,0,1561,53.0,49.968
06-16-2026 00:10:04,7.0,25,3168,6008,1602,0,1561,52.875,50.187
06-16-2026 00:10:05,7.83,0,3168,5843,1479,0,1520,52.593,50.062
06-16-2026 00:10:06,7.83,0,3169,6008,1602,0,1561,52.875,50.125
06-16-2026 00:10:07,6.67,0,3169,5925,1520,0,1561,52.781,50.0
06-16-2026 00:10:08,8.0,0,3170,5843,1479,0,1520,52.593,50.218
06-16-2026 00:26:05,7.67,29,3243,6008,1602,0,1561,52.812,50.0
06-16-2026 00:26:06,6.33,32,3243,6008,1602,0,1561,52.656,49.968
06-16-2026 00:26:07,6.5,0,3244,5843,1479,0,1520,52.375,50.125
06-16-2026 00:26:08,7.33,54,3245,6008,1602,0,1561,52.75,50.0
06-16-2026 00:26:09,6.17,0,3245,5967,1561,0,1561,52.593,49.937
06-16-2026 00:26:10,7.67,0,3246,5843,1479,0,1520,52.5,49.812
06-16-2026 00:26:11,7.0,0,3246,5967,1561,0,1520,52.687,50.031
06-16-2026 00:26:12,6.33,0,3246,5884,1520,0,1520,52.656,49.781
06-16-2026 00:26:13,8.33,42,3247,5967,1561,0,1561,52.625,50.281
06-16-2026 00:26:14,6.17,0,3247,5884,1520,0,1520,52.625,49.937
06-16-2026 00:26:15,6.83,0,3247,5843,1479,0,1520,52.593,50.0
06-16-2026 00:26:16,7.5,25,3246,6049,1602,0,1561,52.687,49.968
06-16-2026 00:26:17,6.67,59,3246,6008,1602,0,1561,52.625,50.093
06-16-2026 00:26:18,7.0,0,3247,5843,1479,0,1520,52.625,50.093
06-16-2026 00:26:19,7.5,5,3247,6008,1602,0,1561,52.656,49.906
06-16-2026 00:26:20,6.33,0,3248,5967,1561,0,1561,52.593,50.093
06-16-2026 00:26:21,7.33,6,3248,5925,1561,0,1520,52.781,50.187
06-16-2026 00:26:22,6.5,0,3248,5884,1520,0,1520,52.75,50.031
06-16-2026 00:26:23,6.0,0,3251,5843,1479,0,1520,52.5,49.968
06-16-2026 00:26:24,7.33,52,3251,5967,1602,0,1561,52.906,50.281
06-16-2026 00:26:25,5.83,19,3251,6008,1602,0,1561,52.875,50.031
06-16-2026 00:26:26,6.33,0,3252,5843,1479,0,1520,52.625,50.156
06-16-2026 00:26:27,6.83,1,3252,6008,1602,0,1561,52.687,50.093
06-16-2026 00:26:28,6.83,23,3252,5967,1561,0,1561,52.718,49.968
06-16-2026 00:26:29,7.17,0,3252,5843,1479,0,1520,52.687,50.312
06-16-2026 00:26:30,6.0,0,3252,5925,1561,0,1520,52.625,50.0
06-16-2026 00:26:31,6.17,0,3253,5843,1520,0,1520,52.687,50.031
06-16-2026 00:26:32,7.33,43,3252,5967,1561,0,1561,52.875,50.281
06-16-2026 00:26:33,6.17,0,3252,5925,1561,0,1561,52.687,50.156
06-16-2026 00:26:34,6.17,0,3252,5843,1479,0,1520,52.593,50.125
06-16-2026 00:26:35,7.0,46,3252,6049,1599,0,1561,52.875,50.312
06-16-2026 00:26:36,5.83,61,3251,5967,1561,0,1561,52.687,50.093
06-16-2026 00:26:37,6.83,0,3252,5843,1479,0,1520,53.062,50.375
06-16-2026 00:26:38,6.5,0,3252,5967,1561,0,1561,52.75,50.187
06-16-2026 00:26:39,6.17,0,3252,5925,1520,0,1520,52.781,50.218
06-16-2026 00:26:40,7.5,0,3252,5925,1561,0,1561,53.062,50.187
06-16-2026 00:26:41,6.17,0,3252,5884,1520,0,1520,52.812,50.281
06-16-2026 00:26:42,6.83,0,3252,5843,1479,0,1520,52.687,50.156
06-16-2026 00:26:43,8.0,29,3252,6008,1599,0,1561,53.093,50.343
06-16-2026 00:26:44,6.67,20,3252,6008,1602,0,1561,53.031,50.187
06-16-2026 00:26:45,7.0,0,3252,5843,1520,0,1520,52.718,50.375
06-16-2026 00:26:46,7.17,1,3252,6008,1602,0,1561,52.812,50.218
06-16-2026 00:26:47,6.67,0,3253,5925,1561,0,1561,52.968,50.406
06-16-2026 00:26:48,7.5,0,3253,5843,1479,0,1520,52.718,50.25
06-16-2026 00:26:49,6.67,0,3252,5925,1561,0,1561,52.843,50.062
06-16-2026 00:26:50,6.67,0,3252,5884,1479,0,1520,52.906,50.25
06-16-2026 00:26:51,7.33,41,3251,5925,1561,0,1520,52.968,50.25
06-16-2026 00:26:52,6.67,0,3252,5967,1561,0,1561,52.781,50.312
06-16-2026 00:26:53,6.83,0,3252,5843,1479,0,1520,52.968,50.187
06-16-2026 00:26:54,7.83,64,3252,6049,1602,0,1561,53.062,50.375
06-16-2026 00:26:55,6.67,1,3253,5967,1561,0,1561,52.75,50.125
06-16-2026 00:26:56,7.17,0,3253,5843,1479,0,1520,52.75,50.343
06-16-2026 00:26:57,7.5,0,3253,5967,1561,0,1561,52.937,50.281
06-16-2026 00:26:58,6.5,0,3253,5925,1520,0,1561,52.718,50.312
06-16-2026 00:26:59,8.0,33,3253,5967,1561,0,1561,52.906,50.468
06-16-2026 00:27:00,6.67,0,3254,5925,1520,0,1520,52.906,50.125
06-16-2026 00:27:01,6.67,0,3254,5884,1479,0,1520,52.968,50.375
06-16-2026 00:27:02,7.83,10,3249,6008,1602,0,1561,52.906,50.218
06-16-2026 00:27:03,6.67,63,3249,6008,1602,0,1561,53.062,50.437
06-16-2026 00:27:04,6.83,0,3250,5843,1479,0,1520,52.875,50.375
06-16-2026 00:27:06,7.17,19,3250,6008,1602,0,1561,52.875,50.406
06-16-2026 00:27:07,6.5,0,3251,5925,1520,0,1561,52.812,50.187
06-16-2026 00:27:08,7.5,0,3251,5843,1479,0,1520,52.968,50.625
06-16-2026 00:27:09,6.67,0,3252,5925,1520,0,1561,52.906,50.218
06-16-2026 00:27:10,6.83,0,3253,5884,1520,0,1520,52.75,50.156
06-16-2026 00:27:11,7.5,46,3253,5925,1561,0,1561,53.062,50.468
06-16-2026 00:27:12,7.5,7,3254,5967,1561,0,1561,53.062,50.312
06-16-2026 00:27:13,6.33,0,3254,5843,1479,0,1520,52.781,50.343
06-16-2026 00:27:14,7.67,59,3254,6049,1599,0,1561,53.093,50.375
06-16-2026 00:27:15,6.5,27,3254,5967,1561,0,1561,53.031,50.375
06-16-2026 00:27:16,7.5,0,3254,5843,1479,0,1520,52.937,50.468
